{"stats":{"minecraft:killed":{"minecraft:spider":2,"minecraft:creeper":2,"minecraft:sheep":1,"minecraft:skeleton":5,"minecraft:zombie":1},"minecraft:dropped":{"minecraft:water_bucket":1,"minecraft:bread":4,"irons_spellbooks:fire_ale":1,"minecraft:wheat_seeds":2,"minecraft:tuff":4,"minecraft:torch":12},"minecraft:broken":{"minecraft:wooden_sword":1},"minecraft:mined":{"minecraft:tuff":4,"minecraft:candle":10,"minecraft:crafting_table":2,"minecraft:torch":3,"travelersbackpack:red_sleeping_bag":12,"minecraft:grass_block":9,"minecraft:copper_ore":4,"minecraft:wall_torch":3,"minecraft:spruce_stairs":1,"minecraft:beehive":1,"minecraft:birch_log":22,"minecraft:cobbled_deepslate":2,"minecraft:grass":11,"minecraft:dirt":14,"minecraft:cobweb":11,"minecraft:stone":17},"minecraft:custom":{"minecraft:interact_with_furnace":4,"minecraft:mob_kills":11,"minecraft:interact_with_crafting_table":7,"minecraft:open_barrel":34,"minecraft:leave_game":8,"minecraft:time_since_death":151659,"minecraft:sleep_in_bed":9,"minecraft:climb_one_cm":1052,"minecraft:time_since_rest":13046,"minecraft:sprint_one_cm":17748,"minecraft:damage_taken":450,"minecraft:walk_one_cm":446091,"minecraft:drop":20,"minecraft:damage_dealt":1662,"minecraft:fly_one_cm":5625,"minecraft:open_chest":21,"minecraft:crouch_one_cm":1928,"minecraft:play_time":151659,"minecraft:sneak_time":1028,"minecraft:interact_with_lectern":2,"minecraft:jump":316,"minecraft:interact_with_brewingstand":3,"minecraft:walk_on_water_one_cm":564,"minecraft:total_world_time":151659,"minecraft:fall_one_cm":7408},"minecraft:picked_up":{"minecraft:birch_log":22,"minecraft:crafting_table":2,"travelersbackpack:red_sleeping_bag":12,"minecraft:tuff":4,"minecraft:gunpowder":2,"minecraft:dirt":26,"minecraft:string":11,"minecraft:raw_copper":17,"minecraft:bone":5,"irons_spellbooks:fire_ale":1,"minecraft:wheat_seeds":2,"minecraft:candle":40,"minecraft:cobbled_deepslate":2,"minecraft:mossy_stone_bricks":1,"minecraft:spruce_slab":1,"minecraft:birch_sapling":5,"minecraft:spruce_trapdoor":6,"minecraft:furnace":1,"minecraft:beehive":1,"minecraft:torch":7,"minecraft:spruce_stairs":1,"minecraft:spruce_fence":1,"minecraft:spider_eye":1,"minecraft:arrow":5,"minecraft:rotten_flesh":2,"minecraft:mutton":2,"minecraft:white_wool":1,"minecraft:cobblestone":17},"minecraft:crafted":{"minecraft:wooden_sword":1,"minecraft:crafting_table":1,"minecraft:wooden_pickaxe":1,"minecraft:furnace":1,"minecraft:birch_planks":48,"minecraft:air":0,"minecraft:bread":7,"minecraft:charcoal":6,"minecraft:stick":16,"minecraft:stone_pickaxe":1,"minecraft:wooden_axe":2,"minecraft:chest":1,"minecraft:torch":24},"minecraft:used":{"minecraft:writable_book":1,"minecraft:stone_pickaxe":11,"minecraft:chest":1,"minecraft:wooden_pickaxe":16,"minecraft:iron_sword":8,"minecraft:torch":15,"minecraft:dirt":21,"minecraft:crafting_table":3,"minecraft:spruce_stairs":1,"minecraft:wooden_axe":25,"minecraft:apple":1,"minecraft:bread":2,"minecraft:wooden_sword":50,"travelersbackpack:red_sleeping_bag":11,"minecraft:furnace":1,"minecraft:cooked_porkchop":4}},"DataVersion":3465}