{"stats":{"minecraft:picked_up":{"minecraft:stick":8,"minecraft:crafting_table":3,"minecraft:leather":10,"minecraft:torch":4,"minecraft:dandelion":1,"minecraft:acacia_log":11,"minecraft:porkchop":16,"minecraft:oak_log":11,"minecraft:dirt":76,"minecraft:rotten_flesh":3,"minecraft:apple":1,"minecraft:wheat_seeds":30,"minecraft:beef":18,"minecraft:oak_sapling":6,"minecraft:coal":20,"minecraft:oak_planks":5,"minecraft:acacia_sapling":3,"minecraft:cobblestone":17,"minecraft:furnace":1},"minecraft:custom":{"minecraft:time_since_rest":34404,"minecraft:interact_with_furnace":3,"minecraft:sprint_one_cm":48659,"minecraft:damage_taken":195,"minecraft:walk_one_cm":181460,"minecraft:mob_kills":16,"minecraft:damage_dealt":2153,"minecraft:swim_one_cm":431,"minecraft:interact_with_crafting_table":9,"minecraft:fly_one_cm":14590,"minecraft:crouch_one_cm":1013,"minecraft:play_time":34404,"minecraft:walk_under_water_one_cm":1534,"minecraft:sneak_time":784,"minecraft:jump":216,"minecraft:walk_on_water_one_cm":5109,"minecraft:time_since_death":34404,"minecraft:total_world_time":34404,"minecraft:fall_one_cm":3042},"minecraft:used":{"minecraft:wooden_axe":29,"minecraft:apple":1,"minecraft:oak_planks":5,"minecraft:wooden_pickaxe":38,"minecraft:torch":8,"minecraft:wooden_sword":108,"minecraft:dirt":74,"minecraft:crafting_table":4,"minecraft:furnace":2,"minecraft:cooked_beef":3},"minecraft:killed":{"minecraft:zombie":1,"minecraft:pig":7,"minecraft:cow":8},"minecraft:broken":{"minecraft:wooden_sword":1},"minecraft:mined":{"minecraft:furnace":1,"minecraft:dandelion":1,"minecraft:crafting_table":3,"minecraft:grass":172,"minecraft:acacia_log":11,"minecraft:coal_ore":20,"minecraft:grass_block":57,"minecraft:oak_log":11,"minecraft:dirt":19,"minecraft:tall_grass":39,"minecraft:stone":17,"minecraft:oak_planks":5,"minecraft:wall_torch":4,"minecraft:oak_leaves":2},"minecraft:crafted":{"minecraft:cooked_beef":5,"minecraft:wooden_sword":3,"minecraft:oak_planks":44,"minecraft:crafting_table":1,"minecraft:stick":44,"minecraft:wooden_pickaxe":1,"minecraft:wooden_axe":1,"minecraft:furnace":1,"minecraft:acacia_planks":44,"minecraft:torch":40,"minecraft:air":0}},"DataVersion":3465}