{"stats":{"minecraft:dropped":{"minecraft:water_bucket":1,"minecraft:bread":4,"irons_spellbooks:fire_ale":1,"minecraft:torch":12},"minecraft:mined":{"minecraft:tuff":4,"minecraft:candle":10,"minecraft:crafting_table":2,"minecraft:torch":2,"travelersbackpack:red_sleeping_bag":4,"minecraft:grass_block":9,"minecraft:wall_torch":3,"minecraft:spruce_stairs":1,"minecraft:birch_log":22,"minecraft:beehive":1,"minecraft:cobbled_deepslate":2,"minecraft:grass":11,"minecraft:dirt":14,"minecraft:cobweb":11,"minecraft:stone":12},"minecraft:crafted":{"minecraft:wooden_sword":1,"minecraft:crafting_table":1,"minecraft:wooden_pickaxe":1,"minecraft:furnace":1,"minecraft:birch_planks":48,"minecraft:bread":7,"minecraft:air":0,"minecraft:charcoal":6,"minecraft:stick":16,"minecraft:stone_pickaxe":1,"minecraft:wooden_axe":2,"minecraft:chest":1,"minecraft:torch":24},"minecraft:picked_up":{"minecraft:birch_log":22,"minecraft:crafting_table":2,"travelersbackpack:red_sleeping_bag":4,"minecraft:tuff":4,"minecraft:gunpowder":2,"minecraft:string":11,"minecraft:dirt":26,"minecraft:bone":3,"irons_spellbooks:fire_ale":1,"minecraft:wheat_seeds":2,"minecraft:candle":40,"minecraft:cobbled_deepslate":2,"minecraft:mossy_stone_bricks":1,"minecraft:spruce_slab":1,"minecraft:spruce_trapdoor":6,"minecraft:birch_sapling":5,"minecraft:furnace":1,"minecraft:beehive":1,"minecraft:torch":6,"minecraft:spruce_stairs":1,"minecraft:spruce_fence":1,"minecraft:spider_eye":1,"minecraft:arrow":3,"minecraft:rotten_flesh":2,"minecraft:cobblestone":12},"minecraft:custom":{"minecraft:interact_with_furnace":4,"minecraft:mob_kills":8,"minecraft:interact_with_crafting_table":7,"minecraft:open_barrel":34,"minecraft:leave_game":5,"minecraft:time_since_death":64207,"minecraft:sleep_in_bed":3,"minecraft:climb_one_cm":1052,"minecraft:time_since_rest":5591,"minecraft:sprint_one_cm":14605,"minecraft:damage_taken":345,"minecraft:walk_one_cm":359110,"minecraft:drop":18,"minecraft:damage_dealt":1252,"minecraft:fly_one_cm":2304,"minecraft:open_chest":21,"minecraft:crouch_one_cm":371,"minecraft:play_time":64207,"minecraft:sneak_time":203,"minecraft:interact_with_lectern":2,"minecraft:jump":143,"minecraft:interact_with_brewingstand":3,"minecraft:walk_on_water_one_cm":564,"minecraft:total_world_time":64207,"minecraft:fall_one_cm":3934},"minecraft:used":{"minecraft:writable_book":1,"minecraft:stone_pickaxe":6,"minecraft:chest":1,"minecraft:wooden_pickaxe":12,"minecraft:torch":15,"minecraft:dirt":21,"minecraft:crafting_table":3,"minecraft:spruce_stairs":1,"minecraft:wooden_axe":23,"minecraft:bread":2,"minecraft:wooden_sword":49,"travelersbackpack:red_sleeping_bag":3,"minecraft:furnace":1,"minecraft:cooked_porkchop":3},"minecraft:killed":{"minecraft:spider":2,"minecraft:creeper":2,"minecraft:skeleton":3,"minecraft:zombie":1}},"DataVersion":3465}