{"stats":{"minecraft:dropped":{"minecraft:water_bucket":1,"minecraft:bread":4,"irons_spellbooks:fire_ale":1,"minecraft:torch":12},"minecraft:mined":{"minecraft:tuff":4,"minecraft:candle":10,"minecraft:crafting_table":2,"travelersbackpack:red_sleeping_bag":3,"minecraft:grass_block":9,"minecraft:wall_torch":3,"minecraft:spruce_stairs":1,"minecraft:beehive":1,"minecraft:birch_log":22,"minecraft:cobbled_deepslate":2,"minecraft:grass":11,"minecraft:dirt":14,"minecraft:cobweb":11,"minecraft:stone":12},"minecraft:crafted":{"minecraft:wooden_sword":1,"minecraft:crafting_table":1,"minecraft:wooden_pickaxe":1,"minecraft:furnace":1,"minecraft:birch_planks":48,"minecraft:bread":7,"minecraft:air":0,"minecraft:charcoal":6,"minecraft:stick":16,"minecraft:stone_pickaxe":1,"minecraft:wooden_axe":2,"minecraft:chest":1,"minecraft:torch":24},"minecraft:picked_up":{"minecraft:birch_log":22,"minecraft:crafting_table":2,"travelersbackpack:red_sleeping_bag":3,"minecraft:tuff":4,"minecraft:string":11,"minecraft:dirt":26,"minecraft:bone":1,"irons_spellbooks:fire_ale":1,"minecraft:wheat_seeds":2,"minecraft:candle":40,"minecraft:cobbled_deepslate":2,"minecraft:mossy_stone_bricks":1,"minecraft:spruce_slab":1,"minecraft:spruce_trapdoor":6,"minecraft:birch_sapling":5,"minecraft:furnace":1,"minecraft:beehive":1,"minecraft:torch":4,"minecraft:spruce_stairs":1,"minecraft:spruce_fence":1,"minecraft:spider_eye":1,"minecraft:rotten_flesh":2,"minecraft:arrow":1,"minecraft:cobblestone":12},"minecraft:custom":{"minecraft:interact_with_furnace":4,"minecraft:mob_kills":6,"minecraft:interact_with_crafting_table":7,"minecraft:open_barrel":34,"minecraft:leave_game":3,"minecraft:time_since_death":51312,"minecraft:sleep_in_bed":2,"minecraft:climb_one_cm":1052,"minecraft:time_since_rest":6387,"minecraft:sprint_one_cm":10719,"minecraft:damage_taken":285,"minecraft:walk_one_cm":311004,"minecraft:drop":18,"minecraft:damage_dealt":852,"minecraft:fly_one_cm":2043,"minecraft:open_chest":21,"minecraft:crouch_one_cm":371,"minecraft:play_time":51312,"minecraft:sneak_time":203,"minecraft:interact_with_lectern":2,"minecraft:jump":131,"minecraft:interact_with_brewingstand":3,"minecraft:walk_on_water_one_cm":564,"minecraft:total_world_time":51312,"minecraft:fall_one_cm":3665},"minecraft:used":{"minecraft:writable_book":1,"minecraft:stone_pickaxe":6,"minecraft:chest":1,"minecraft:wooden_pickaxe":12,"minecraft:torch":15,"minecraft:dirt":21,"minecraft:crafting_table":3,"minecraft:spruce_stairs":1,"minecraft:wooden_axe":23,"travelersbackpack:red_sleeping_bag":2,"minecraft:wooden_sword":38,"minecraft:furnace":1,"minecraft:cooked_porkchop":3},"minecraft:killed":{"minecraft:spider":2,"minecraft:creeper":1,"minecraft:skeleton":2,"minecraft:zombie":1}},"DataVersion":3465}