{"stats":{"minecraft:dropped":{"minecraft:water_bucket":1,"minecraft:bread":4,"irons_spellbooks:fire_ale":1,"minecraft:wheat_seeds":2,"minecraft:tuff":4,"minecraft:torch":12},"minecraft:mined":{"minecraft:tuff":4,"minecraft:candle":10,"minecraft:crafting_table":2,"minecraft:torch":2,"travelersbackpack:red_sleeping_bag":9,"minecraft:grass_block":9,"minecraft:copper_ore":4,"minecraft:wall_torch":3,"minecraft:spruce_stairs":1,"minecraft:birch_log":22,"minecraft:beehive":1,"minecraft:cobbled_deepslate":2,"minecraft:grass":11,"minecraft:dirt":14,"minecraft:cobweb":11,"minecraft:stone":17},"minecraft:crafted":{"minecraft:wooden_sword":1,"minecraft:crafting_table":1,"minecraft:wooden_pickaxe":1,"minecraft:furnace":1,"minecraft:birch_planks":48,"minecraft:bread":7,"minecraft:air":0,"minecraft:charcoal":6,"minecraft:stick":16,"minecraft:stone_pickaxe":1,"minecraft:wooden_axe":2,"minecraft:chest":1,"minecraft:torch":24},"minecraft:picked_up":{"minecraft:birch_log":22,"minecraft:crafting_table":2,"travelersbackpack:red_sleeping_bag":9,"minecraft:tuff":4,"minecraft:gunpowder":2,"minecraft:string":11,"minecraft:dirt":26,"minecraft:raw_copper":17,"minecraft:bone":5,"irons_spellbooks:fire_ale":1,"minecraft:wheat_seeds":2,"minecraft:candle":40,"minecraft:cobbled_deepslate":2,"minecraft:mossy_stone_bricks":1,"minecraft:spruce_slab":1,"minecraft:spruce_trapdoor":6,"minecraft:birch_sapling":5,"minecraft:furnace":1,"minecraft:beehive":1,"minecraft:torch":6,"minecraft:spruce_stairs":1,"minecraft:spruce_fence":1,"minecraft:spider_eye":1,"minecraft:arrow":5,"minecraft:rotten_flesh":2,"minecraft:mutton":2,"minecraft:white_wool":1,"minecraft:cobblestone":17},"minecraft:custom":{"minecraft:interact_with_furnace":4,"minecraft:mob_kills":10,"minecraft:interact_with_crafting_table":7,"minecraft:open_barrel":34,"minecraft:leave_game":5,"minecraft:time_since_death":117130,"minecraft:sleep_in_bed":6,"minecraft:climb_one_cm":1052,"minecraft:time_since_rest":3062,"minecraft:sprint_one_cm":17318,"minecraft:damage_taken":395,"minecraft:walk_one_cm":408146,"minecraft:drop":20,"minecraft:damage_dealt":1492,"minecraft:fly_one_cm":4707,"minecraft:open_chest":21,"minecraft:crouch_one_cm":1562,"minecraft:play_time":117130,"minecraft:sneak_time":964,"minecraft:interact_with_lectern":2,"minecraft:jump":277,"minecraft:interact_with_brewingstand":3,"minecraft:walk_on_water_one_cm":564,"minecraft:total_world_time":117130,"minecraft:fall_one_cm":6721},"minecraft:broken":{"minecraft:wooden_sword":1},"minecraft:used":{"minecraft:writable_book":1,"minecraft:stone_pickaxe":11,"minecraft:chest":1,"minecraft:wooden_pickaxe":16,"minecraft:iron_sword":4,"minecraft:torch":15,"minecraft:dirt":21,"minecraft:crafting_table":3,"minecraft:spruce_stairs":1,"minecraft:wooden_axe":25,"minecraft:apple":1,"minecraft:bread":2,"minecraft:wooden_sword":50,"travelersbackpack:red_sleeping_bag":8,"minecraft:furnace":1,"minecraft:cooked_porkchop":3},"minecraft:killed":{"minecraft:spider":2,"minecraft:creeper":2,"minecraft:sheep":1,"minecraft:skeleton":4,"minecraft:zombie":1}},"DataVersion":3465}