{"stats":{"minecraft:picked_up":{"minecraft:stick":8,"minecraft:crafting_table":2,"minecraft:leather":3,"minecraft:dandelion":1,"minecraft:acacia_log":11,"minecraft:oak_log":11,"minecraft:dirt":25,"minecraft:rotten_flesh":3,"minecraft:apple":1,"minecraft:wheat_seeds":12,"minecraft:beef":5,"minecraft:oak_sapling":6,"minecraft:coal":6,"minecraft:oak_planks":5,"minecraft:acacia_sapling":3,"minecraft:cobblestone":14},"minecraft:custom":{"minecraft:time_since_rest":22404,"minecraft:interact_with_furnace":1,"minecraft:sprint_one_cm":46172,"minecraft:damage_taken":195,"minecraft:walk_one_cm":95898,"minecraft:mob_kills":4,"minecraft:damage_dealt":973,"minecraft:interact_with_crafting_table":7,"minecraft:fly_one_cm":12943,"minecraft:crouch_one_cm":964,"minecraft:play_time":22404,"minecraft:sneak_time":748,"minecraft:jump":162,"minecraft:time_since_death":22404,"minecraft:total_world_time":22404,"minecraft:fall_one_cm":2206},"minecraft:used":{"minecraft:wooden_axe":28,"minecraft:apple":1,"minecraft:oak_planks":5,"minecraft:wooden_pickaxe":21,"minecraft:wooden_sword":45,"minecraft:dirt":17,"minecraft:crafting_table":3,"minecraft:furnace":1},"minecraft:killed":{"minecraft:zombie":1,"minecraft:cow":3},"minecraft:mined":{"minecraft:dandelion":1,"minecraft:crafting_table":2,"minecraft:grass":71,"minecraft:acacia_log":11,"minecraft:coal_ore":6,"minecraft:grass_block":7,"minecraft:oak_log":11,"minecraft:dirt":18,"minecraft:tall_grass":25,"minecraft:stone":15,"minecraft:oak_planks":5,"minecraft:oak_leaves":2},"minecraft:crafted":{"minecraft:wooden_sword":1,"minecraft:oak_planks":44,"minecraft:crafting_table":1,"minecraft:stick":8,"minecraft:wooden_pickaxe":1,"minecraft:wooden_axe":1,"minecraft:furnace":1,"minecraft:acacia_planks":44}},"DataVersion":3465}