{"stats":{"minecraft:picked_up":{"minecraft:dandelion":1,"minecraft:wheat_seeds":11,"minecraft:dirt":12},"minecraft:custom":{"minecraft:jump":50,"minecraft:time_since_rest":4404,"minecraft:sprint_one_cm":21324,"minecraft:play_time":4404,"minecraft:time_since_death":4404,"minecraft:walk_one_cm":28593,"minecraft:total_world_time":4404,"minecraft:fall_one_cm":267,"minecraft:fly_one_cm":2293},"minecraft:used":{"minecraft:dirt":12},"minecraft:mined":{"minecraft:tall_grass":22,"minecraft:grass":55,"minecraft:grass_block":3,"minecraft:dandelion":1,"minecraft:dirt":9}},"DataVersion":3465}