{"stats":{"minecraft:killed":{"minecraft:salmon":4,"minecraft:spider":1,"minecraft:iron_golem":1,"minecraft:cod":8,"minecraft:skeleton":3,"minecraft:pillager":4,"minecraft:zombie":2},"minecraft:used":{"minecraft:dark_oak_stairs":1,"minecraft:cooked_mutton":6,"minecraft:baked_potato":2,"minecraft:chest":1,"minecraft:wooden_pickaxe":9,"minecraft:cooked_salmon":2,"minecraft:torch":3,"minecraft:crafting_table":2,"minecraft:white_bed":2,"minecraft:cod":2,"minecraft:wooden_axe":107,"minecraft:bread":1,"minecraft:stone_axe":78,"minecraft:wooden_sword":66,"minecraft:furnace":3,"minecraft:cooked_cod":2,"minecraft:dark_oak_fence":14,"minecraft:cooked_beef":1},"minecraft:mined":{"minecraft:dark_oak_planks":39,"minecraft:white_bed":1,"minecraft:kelp_plant":73,"minecraft:dark_oak_log":6,"minecraft:crafting_table":2,"minecraft:dark_oak_fence":21,"minecraft:grass_block":3,"minecraft:chest":1,"minecraft:tall_grass":4,"minecraft:cobblestone":8,"minecraft:kelp":8,"minecraft:dark_oak_slab":2,"minecraft:furnace":1,"minecraft:birch_log":43,"minecraft:birch_leaves":1,"minecraft:dark_oak_stairs":5,"minecraft:grass":46,"minecraft:oak_log":44,"minecraft:white_wool":8,"minecraft:oak_leaves":3},"minecraft:picked_up":{"minecraft:wooden_axe":1,"minecraft:charcoal":2,"minecraft:wheat":3,"minecraft:crafting_table":4,"minecraft:salmon":5,"minecraft:wooden_pickaxe":1,"minecraft:potato":5,"minecraft:oak_log":44,"minecraft:dirt":11,"minecraft:string":8,"minecraft:cooked_salmon":1,"minecraft:cooked_mutton":1,"minecraft:bone":4,"minecraft:experience_bottle":1,"minecraft:apple":1,"minecraft:kelp":286,"minecraft:wheat_seeds":5,"minecraft:iron_ingot":4,"minecraft:poppy":1,"minecraft:chest":1,"minecraft:birch_sapling":2,"minecraft:dark_oak_stairs":3,"minecraft:furnace":1,"minecraft:stick":3,"minecraft:pumpkin":1,"minecraft:dried_kelp":10,"minecraft:white_bed":2,"minecraft:dark_oak_log":4,"minecraft:dark_oak_planks":35,"minecraft:arrow":1,"minecraft:rotten_flesh":3,"minecraft:dried_kelp_block":1,"minecraft:crossbow":1,"minecraft:bone_meal":2,"minecraft:oak_sapling":8,"minecraft:dark_oak_fence":14,"minecraft:cod":8,"minecraft:white_wool":7,"minecraft:cobblestone":8,"minecraft:birch_log":43},"minecraft:crafted":{"minecraft:cooked_beef":19,"minecraft:wooden_sword":1,"minecraft:cooked_cod":6,"minecraft:fishing_rod":1,"minecraft:cooked_porkchop":2,"minecraft:crafting_table":1,"minecraft:dried_kelp":239,"minecraft:wooden_pickaxe":1,"minecraft:baked_potato":2,"minecraft:furnace":2,"minecraft:cooked_salmon":9,"minecraft:birch_planks":24,"minecraft:stone_axe":1,"minecraft:cooked_mutton":19,"minecraft:bread":1,"minecraft:air":0,"minecraft:charcoal":11,"minecraft:stick":28,"minecraft:stone_pickaxe":1,"minecraft:wooden_axe":3,"minecraft:stone_sword":1,"minecraft:white_bed":2,"minecraft:dried_kelp_block":28,"minecraft:torch":28},"minecraft:dropped":{"minecraft:crafting_table":1,"minecraft:cooked_mutton":9,"minecraft:white_bed":2,"minecraft:stick":5,"minecraft:torch":16,"minecraft:cooked_salmon":2,"minecraft:bone_meal":1,"minecraft:dark_oak_planks":10},"minecraft:broken":{"minecraft:wooden_axe":2},"minecraft:custom":{"minecraft:interact_with_furnace":116,"minecraft:mob_kills":23,"minecraft:interact_with_crafting_table":48,"minecraft:leave_game":1,"minecraft:time_since_death":82834,"minecraft:sleep_in_bed":6,"minecraft:climb_one_cm":252,"minecraft:time_since_rest":3013,"minecraft:sprint_one_cm":21851,"minecraft:damage_taken":1020,"minecraft:walk_one_cm":355559,"minecraft:drop":22,"minecraft:damage_dealt":3079,"minecraft:swim_one_cm":94482,"minecraft:fly_one_cm":6015,"minecraft:open_chest":45,"minecraft:crouch_one_cm":11015,"minecraft:play_time":82834,"minecraft:sneak_time":4303,"minecraft:walk_under_water_one_cm":29924,"minecraft:jump":240,"minecraft:walk_on_water_one_cm":15031,"minecraft:total_world_time":82834,"minecraft:fall_one_cm":4937}},"DataVersion":3465}