{"stats":{"minecraft:killed_by":{"irons_spellbooks:pyromancer":1},"minecraft:killed":{"minecraft:pig":15,"minecraft:zombie_villager":1,"minecraft:spider":3,"minecraft:frog":1,"minecraft:creeper":1,"minecraft:sheep":4,"minecraft:skeleton":1,"minecraft:zombie":4,"minecraft:chicken":1,"minecraft:cow":10},"minecraft:custom":{"minecraft:interact_with_furnace":7,"minecraft:mob_kills":41,"minecraft:interact_with_crafting_table":8,"minecraft:open_barrel":16,"minecraft:leave_game":1,"minecraft:time_since_death":26790,"minecraft:sleep_in_bed":2,"minecraft:climb_one_cm":660,"minecraft:time_since_rest":10701,"minecraft:sprint_one_cm":54741,"minecraft:damage_taken":805,"minecraft:walk_one_cm":246476,"minecraft:drop":9,"minecraft:damage_dealt":4837,"minecraft:swim_one_cm":5141,"minecraft:fly_one_cm":46983,"minecraft:open_chest":8,"minecraft:play_time":51732,"minecraft:deaths":1,"minecraft:sneak_time":86,"minecraft:walk_under_water_one_cm":1442,"minecraft:jump":453,"minecraft:walk_on_water_one_cm":5665,"minecraft:total_world_time":51732,"minecraft:fall_one_cm":9142},"minecraft:picked_up":{"minecraft:wooden_axe":3,"irons_spellbooks:scroll":1,"minecraft:birch_log":33,"minecraft:charcoal":3,"minecraft:crafting_table":3,"minecraft:feather":3,"minecraft:chicken":3,"minecraft:water_bucket":1,"minecraft:andesite":1,"minecraft:leather":8,"travelersbackpack:red_sleeping_bag":2,"minecraft:wooden_pickaxe":1,"minecraft:birch_planks":52,"minecraft:gunpowder":2,"minecraft:dirt":47,"minecraft:string":24,"minecraft:paper":6,"minecraft:raw_copper":29,"irons_spellbooks:rare_ink":1,"minecraft:wooden_sword":1,"irons_spellbooks:common_ink":7,"minecraft:bone":2,"irons_spellbooks:arcane_essence":14,"minecraft:wheat_seeds":2,"minecraft:candle":6,"minecraft:beef":22,"minecraft:stone_pickaxe":1,"minecraft:wooden_shovel":1,"minecraft:poppy":8,"minecraft:chest":2,"minecraft:birch_sapling":5,"minecraft:egg":1,"minecraft:furnace":2,"minecraft:raw_iron":7,"minecraft:stick":8,"minecraft:cooked_porkchop":16,"minecraft:torch":16,"minecraft:porkchop":39,"minecraft:spider_eye":2,"minecraft:stone_sword":1,"minecraft:rotten_flesh":13,"minecraft:bread":4,"minecraft:mutton":12,"minecraft:blaze_rod":7,"irons_spellbooks:uncommon_ink":1,"irons_spellbooks:magic_cloth":1,"minecraft:obsidian":4,"minecraft:coal":37,"minecraft:white_wool":8,"minecraft:cobblestone":73},"minecraft:crafted":{"minecraft:red_dye":8,"minecraft:wooden_sword":1,"minecraft:wooden_shovel":1,"minecraft:cooked_porkchop":3,"minecraft:wooden_pickaxe":1,"minecraft:furnace":1,"minecraft:red_wool":4,"minecraft:birch_planks":28,"minecraft:cooked_mutton":6,"travelersbackpack:red_sleeping_bag":2,"minecraft:white_wool":2,"minecraft:stick":8,"minecraft:stone_pickaxe":1,"minecraft:wooden_axe":1,"minecraft:stone_sword":1},"minecraft:dropped":{"minecraft:birch_sapling":5,"minecraft:rotten_flesh":5,"minecraft:stick":3,"minecraft:gunpowder":1,"minecraft:andesite":1},"minecraft:mined":{"minecraft:torch":1,"minecraft:crafting_table":2,"travelersbackpack:red_sleeping_bag":2,"minecraft:grass_block":9,"minecraft:poppy":8,"minecraft:chest":1,"minecraft:copper_ore":8,"minecraft:wall_torch":1,"minecraft:large_fern":1,"minecraft:furnace":2,"minecraft:birch_log":20,"minecraft:iron_ore":7,"minecraft:andesite":1,"minecraft:birch_leaves":5,"minecraft:grass":19,"minecraft:coal_ore":37,"minecraft:dirt":25,"minecraft:cobweb":9,"minecraft:stone":46,"minecraft:fern":3},"minecraft:used":{"minecraft:water_bucket":3,"minecraft:stone_sword":124,"minecraft:stone_pickaxe":62,"minecraft:wooden_pickaxe":41,"minecraft:wooden_shovel":22,"minecraft:torch":14,"minecraft:dirt":15,"minecraft:crafting_table":2,"minecraft:wooden_axe":26,"minecraft:bread":4,"travelersbackpack:red_sleeping_bag":3,"minecraft:wooden_sword":54,"minecraft:cobblestone":6,"minecraft:porkchop":2,"minecraft:furnace":2,"minecraft:cooked_porkchop":3,"minecraft:bucket":2,"minecraft:cobweb":9}},"DataVersion":3465}