{"stats":{"minecraft:killed":{"minecraft:pig":3,"minecraft:salmon":9,"minecraft:spider":1,"minecraft:iron_golem":1,"minecraft:cod":7,"minecraft:creeper":1,"minecraft:skeleton":3,"minecraft:sheep":13,"minecraft:pillager":3,"minecraft:cow":11},"minecraft:used":{"minecraft:diorite":1,"minecraft:stone_sword":25,"minecraft:stone_pickaxe":120,"minecraft:baked_potato":3,"minecraft:wooden_pickaxe":49,"minecraft:wooden_shovel":13,"minecraft:cooked_salmon":1,"minecraft:salmon":4,"minecraft:torch":7,"handcrafted:oak_table":5,"minecraft:sand":12,"minecraft:crafting_table":5,"minecraft:carrot":8,"minecraft:white_bed":2,"minecraft:cod":3,"minecraft:wooden_axe":37,"minecraft:dark_oak_planks":16,"minecraft:wooden_sword":110,"minecraft:cooked_cod":4,"minecraft:cooked_beef":4},"minecraft:mined":{"minecraft:dark_oak_planks":8,"minecraft:white_bed":1,"minecraft:kelp_plant":21,"handcrafted:oak_table":3,"minecraft:crafting_table":6,"minecraft:cornflower":4,"minecraft:poppy":4,"minecraft:tall_grass":1,"minecraft:spruce_leaves":1,"minecraft:kelp":5,"minecraft:diorite":1,"minecraft:sandstone":6,"minecraft:wall_torch":2,"minecraft:seagrass":1,"minecraft:tall_seagrass":3,"minecraft:iron_ore":8,"minecraft:pumpkin":8,"minecraft:grass":12,"minecraft:coal_ore":45,"minecraft:oak_log":5,"minecraft:sand":15,"minecraft:stone":23,"create:crimsite":37,"minecraft:deepslate":23,"create:limestone":16,"minecraft:white_wool":32,"minecraft:oak_leaves":1},"minecraft:killed_by":{"minecraft:pillager":2},"minecraft:picked_up":{"minecraft:wooden_axe":1,"minecraft:crafting_table":7,"minecraft:salmon":8,"minecraft:leather":13,"minecraft:wooden_pickaxe":1,"minecraft:oak_log":5,"minecraft:gunpowder":2,"minecraft:cornflower":3,"minecraft:string":1,"create:limestone":16,"minecraft:cooked_salmon":1,"minecraft:wooden_sword":3,"minecraft:cooked_mutton":8,"minecraft:bone":2,"minecraft:kelp":167,"minecraft:cobbled_deepslate":23,"minecraft:beef":22,"minecraft:iron_ingot":8,"minecraft:poppy":8,"minecraft:sugar_cane":6,"minecraft:oak_planks":12,"minecraft:raw_iron":8,"minecraft:dark_oak_stairs":4,"minecraft:stick":5,"minecraft:sandstone":6,"handcrafted:oak_table":3,"minecraft:dark_oak_slab":2,"minecraft:pumpkin":14,"minecraft:torch":18,"minecraft:porkchop":4,"minecraft:sand":16,"minecraft:diorite":1,"minecraft:white_bed":3,"minecraft:dark_oak_log":2,"minecraft:spider_eye":1,"minecraft:dark_oak_planks":38,"minecraft:arrow":4,"create:crimsite":37,"minecraft:cooked_cod":8,"minecraft:crossbow":3,"minecraft:bone_meal":1,"minecraft:gray_wool":1,"minecraft:coal":45,"minecraft:black_wool":1,"minecraft:mutton":19,"minecraft:dark_oak_fence":12,"minecraft:cod":7,"minecraft:white_wool":45,"minecraft:cobblestone":23},"minecraft:crafted":{"minecraft:wooden_sword":2,"minecraft:cooked_cod":4,"minecraft:oak_planks":20,"minecraft:wooden_shovel":1,"minecraft:crafting_table":1,"minecraft:dried_kelp":23,"minecraft:wooden_pickaxe":2,"minecraft:baked_potato":3,"minecraft:iron_sword":1,"minecraft:air":0,"handcrafted:oak_table":2,"minecraft:stick":20,"minecraft:stone_pickaxe":1,"minecraft:wooden_axe":2,"minecraft:stone_sword":1,"minecraft:dried_kelp_block":1,"minecraft:dark_oak_planks":28},"minecraft:dropped":{"minecraft:dried_kelp_block":1,"minecraft:cooked_cod":8,"minecraft:dried_kelp":10,"minecraft:wooden_sword":1,"minecraft:bone_meal":1},"minecraft:broken":{"minecraft:wooden_sword":1,"minecraft:wooden_axe":1,"minecraft:wooden_pickaxe":1},"minecraft:custom":{"minecraft:interact_with_furnace":18,"minecraft:mob_kills":53,"minecraft:interact_with_crafting_table":17,"minecraft:leave_game":1,"minecraft:time_since_death":53798,"minecraft:sleep_in_bed":3,"minecraft:time_since_rest":28714,"minecraft:sprint_one_cm":138149,"minecraft:damage_taken":1366,"minecraft:walk_one_cm":200054,"minecraft:drop":8,"minecraft:damage_dealt":5895,"minecraft:swim_one_cm":45508,"minecraft:fly_one_cm":136590,"minecraft:open_chest":12,"minecraft:crouch_one_cm":1650,"minecraft:play_time":67804,"minecraft:deaths":2,"minecraft:sneak_time":1189,"minecraft:walk_under_water_one_cm":30094,"minecraft:jump":780,"minecraft:walk_on_water_one_cm":17075,"minecraft:total_world_time":67804,"minecraft:fall_one_cm":21474}},"DataVersion":3465}