{"stats":{"minecraft:custom":{"minecraft:jump":110,"minecraft:time_since_rest":896,"minecraft:leave_game":1,"minecraft:damage_dealt":6,"minecraft:crouch_one_cm":162,"minecraft:deaths":1,"minecraft:sprint_one_cm":325,"minecraft:play_time":6122,"minecraft:damage_taken":330,"minecraft:time_since_death":697,"minecraft:walk_one_cm":57270,"minecraft:sneak_time":34,"minecraft:climb_one_cm":12,"minecraft:total_world_time":6122,"minecraft:fall_one_cm":7129,"minecraft:fly_one_cm":1511},"minecraft:killed_by":{"irons_spellbooks:pyromancer":1}},"DataVersion":3465}